,Fips,Location,TimeFrame,OxycodoneSalesData,HydrocodoneSalesData,DeathsData
0,1,Alabama,2000,6.74399,10.69559,0.98993
1,1,Alabama,2001,7.79399,11.35396,1.29709
2,1,Alabama,2002,7.80123,12.81029,1.61198
3,1,Alabama,2003,9.26128,15.48852,1.10769
4,1,Alabama,2004,9.10411,15.82898,1.847
5,1,Alabama,2005,9.88653,17.99939,1.75091
6,1,Alabama,2006,11.98591,20.08382,2.70266
7,1,Alabama,2007,14.93061,29.55838,3.59468
8,1,Alabama,2008,14.42558,24.45732,4.11182
9,1,Alabama,2009,15.39002,26.22844,4.4807
10,1,Alabama,2010,16.14073,25.75433,4.05494
11,1,Alabama,2011,18.88156,28.43895,3.76866
12,1,Alabama,2012,20.99541,29.6958,3.6097
13,1,Alabama,2013,21.10334,37.04516,3.51166
14,1,Alabama,2014,22.75752,26.76161,5.63612
15,1,Alabama,2015,23.42426,24.38306,6.13273
16,1,Alabama,2016,22.23861,23.02324,7.48004
17,1,Alabama,2017,19.31574,20.13305,9.04533
18,1,Alabama,2018,16.63208,17.86688,8.27228
19,2,Alaska,2000,11.66468,4.23627,4.00335
25,2,Alaska,2006,15.42679,7.83223,4.10747
27,2,Alaska,2008,18.21122,9.39256,12.49353
28,2,Alaska,2009,19.36936,9.84003,12.4654
29,2,Alaska,2010,18.20163,8.94792,8.74332
30,2,Alaska,2011,19.555,9.47216,8.7183
31,2,Alaska,2012,20.70067,9.49849,10.8243
32,2,Alaska,2013,20.32358,9.39149,9.24204
33,2,Alaska,2014,20.69738,8.98112,10.55206
34,2,Alaska,2015,21.49059,8.13675,11.03425
35,2,Alaska,2016,21.16648,7.43868,12.50671
36,2,Alaska,2017,19.39345,6.25486,13.87398
37,2,Alaska,2018,16.90886,5.19842,8.76727
38,4,Arizona,2000,8.1909,4.42918,4.83712
39,4,Arizona,2001,11.27272,5.32648,5.24489
40,4,Arizona,2002,12.74315,6.12019,6.17917
41,4,Arizona,2003,15.39839,7.26254,6.44398
42,4,Arizona,2004,17.5889,8.31719,6.33791
43,4,Arizona,2005,19.97417,8.45315,6.64267
44,4,Arizona,2006,23.97781,9.36985,7.80235
45,4,Arizona,2007,40.87166,10.49671,7.7433
46,4,Arizona,2008,29.27255,10.94692,8.10158
47,4,Arizona,2009,32.82813,11.65743,9.76202
48,4,Arizona,2010,28.86066,9.61838,9.92618
49,4,Arizona,2011,31.92624,10.50908,8.78158
50,4,Arizona,2012,34.61801,10.48663,8.2305
51,4,Arizona,2013,32.48752,10.35919,8.17915
52,4,Arizona,2014,33.07677,9.95986,8.78539
53,4,Arizona,2015,32.38275,7.98616,10.17299
54,4,Arizona,2016,30.75284,7.32528,11.35892
55,4,Arizona,2017,26.60187,6.3194,13.47937
56,4,Arizona,2018,21.62632,5.45539,15.92448
57,5,Arkansas,2000,4.5602,6.6796,0.77682
58,5,Arkansas,2001,5.88981,7.74932,1.14869
59,5,Arkansas,2002,6.51563,9.2347,3.53162
60,5,Arkansas,2003,7.46912,10.48047,3.40895
61,5,Arkansas,2004,9.49072,11.43696,4.80565
62,5,Arkansas,2005,11.4243,12.5478,4.6226
63,5,Arkansas,2006,11.81984,14.73851,5.1167
64,5,Arkansas,2007,14.38313,17.47319,5.35728
65,5,Arkansas,2008,14.96242,18.13776,7.24163
66,5,Arkansas,2009,16.97316,19.78716,7.22855
67,5,Arkansas,2010,17.70537,19.65407,6.79277
68,5,Arkansas,2011,19.06231,21.32759,6.16005
69,5,Arkansas,2012,20.79952,22.18987,5.97009
70,5,Arkansas,2013,20.08774,23.56239,5.60622
71,5,Arkansas,2014,21.56404,22.5121,6.25807
72,5,Arkansas,2015,22.94648,20.24267,7.2348
73,5,Arkansas,2016,21.7345,19.64221,5.92351
74,5,Arkansas,2017,19.82181,18.12302,6.48878
75,5,Arkansas,2018,15.73856,15.60833,7.39492
76,6,California,2000,2.57246,5.75942,3.00885
77,6,California,2001,3.82506,6.35395,1.62557
78,6,California,2002,4.87753,7.56166,4.21703
79,6,California,2003,5.98438,9.06399,3.98987
80,6,California,2004,6.45332,9.76293,3.97865
81,6,California,2005,7.10785,9.62567,3.81984
82,6,California,2006,8.31454,10.48273,4.14905
83,6,California,2007,10.27364,11.76012,4.49438
84,6,California,2008,11.09871,12.47553,4.81746
85,6,California,2009,12.43062,13.24202,5.22915
86,6,California,2010,11.65736,12.37742,4.99996
87,6,California,2011,11.83467,13.70494,4.95766
88,6,California,2012,12.40723,13.75928,4.35442
89,6,California,2013,11.94668,13.60305,4.86502
90,6,California,2014,11.45812,13.03133,4.95675
91,6,California,2015,11.29211,11.95722,4.91078
92,6,California,2016,10.49034,10.92161,4.86654
93,6,California,2017,9.2683,9.7409,5.27783
94,6,California,2018,7.74211,8.41218,5.82756
95,8,Colorado,2000,4.76166,3.92234,3.88028
96,8,Colorado,2001,7.07175,4.74618,4.1779
97,8,Colorado,2002,8.36588,5.23684,4.22615
98,8,Colorado,2003,9.63019,5.94077,4.54372
99,8,Colorado,2004,10.53256,6.22551,4.75519
100,8,Colorado,2005,11.17252,7.68381,6.15868
101,8,Colorado,2006,13.68083,6.84815,6.66058
102,8,Colorado,2007,17.30655,7.68062,7.04905
103,8,Colorado,2008,18.99569,8.67767,6.99088
104,8,Colorado,2009,20.44742,8.65058,7.66582
105,8,Colorado,2010,19.84961,7.56056,5.87695
106,8,Colorado,2011,22.85498,8.25955,8.04706
107,8,Colorado,2012,24.74988,7.85995,7.67899
108,8,Colorado,2013,22.07655,7.60425,8.02733
109,8,Colorado,2014,21.61937,7.12268,9.36766
110,8,Colorado,2015,21.38307,6.33371,8.72337
111,8,Colorado,2016,20.00624,5.75745,9.48041
112,8,Colorado,2017,17.74817,5.1686,10.00775
113,8,Colorado,2018,15.10614,4.32773,9.45314
114,9,Connecticut,2000,10.31355,3.01738,4.82011
115,9,Connecticut,2001,12.59439,2.79866,4.3229
116,9,Connecticut,2002,14.00725,3.58762,5.03139
117,9,Connecticut,2003,16.43987,3.85066,4.86247
118,9,Connecticut,2004,18.8566,3.67812,5.66574
119,9,Connecticut,2005,18.08532,4.20813,4.72108
120,9,Connecticut,2006,20.28657,3.99754,6.40245
121,9,Connecticut,2007,22.87716,4.59407,7.04855
122,9,Connecticut,2008,23.64935,4.95348,6.52617
123,9,Connecticut,2009,25.24122,4.88047,6.17419
124,9,Connecticut,2010,25.98948,4.48795,6.27336
125,9,Connecticut,2011,26.63045,4.94219,5.95419
126,9,Connecticut,2012,28.68816,4.55794,5.72626
127,9,Connecticut,2013,28.25519,4.30323,12.29207
128,9,Connecticut,2014,27.17646,3.86389,15.16295
129,9,Connecticut,2015,25.22296,3.18985,19.20303
130,9,Connecticut,2016,22.0836,2.70456,24.47231
131,9,Connecticut,2017,18.54943,2.24854,27.72899
132,9,Connecticut,2018,15.91856,1.88702,27.53925
133,10,Delaware,2000,10.44289,2.90716,3.69407
134,10,Delaware,2001,11.8738,2.78184,4.54723
135,10,Delaware,2002,14.06508,3.44298,6.00101
136,10,Delaware,2003,20.71093,4.11224,4.53895
137,10,Delaware,2004,21.23004,4.46418,4.23362
138,10,Delaware,2005,25.3578,4.79785,3.51199
139,10,Delaware,2006,29.03029,5.21821,4.49431
140,10,Delaware,2007,36.16889,5.46379,5.14877
141,10,Delaware,2008,46.5959,5.90033,7.65726
142,10,Delaware,2009,54.60294,5.94377,9.31434
143,10,Delaware,2010,56.37074,4.97777,12.02135
144,10,Delaware,2011,61.85538,5.20382,12.58392
145,10,Delaware,2012,48.54379,4.69506,9.15488
146,10,Delaware,2013,40.74571,4.2489,12.82081
147,10,Delaware,2014,38.69969,3.90106,13.92862
148,10,Delaware,2015,35.54891,3.41764,14.79092
149,10,Delaware,2016,33.72506,3.10607,16.93262
150,10,Delaware,2017,30.49302,2.66257,27.81241
151,10,Delaware,2018,27.00202,2.23428,39.33534
152,11,Dist. of Columbia,2000,6.06086,1.40475,7.67111
153,11,Dist. of Columbia,2001,6.34473,1.32637,8.12869
154,11,Dist. of Columbia,2002,6.86246,1.53332,5.1668
155,11,Dist. of Columbia,2003,9.15258,1.73541,10.69643
156,11,Dist. of Columbia,2004,8.88161,1.49651,9.42073
157,11,Dist. of Columbia,2005,9.7912,1.74058,7.80518
158,11,Dist. of Columbia,2006,9.76484,2.29428,9.60562
159,11,Dist. of Columbia,2007,10.60464,4.34075,5.18736
160,11,Dist. of Columbia,2008,10.5228,1.93468,5.14138
162,11,Dist. of Columbia,2010,12.35905,1.87051,5.80353
163,11,Dist. of Columbia,2011,13.90293,1.94966,7.96083
164,11,Dist. of Columbia,2012,13.87305,1.92457,7.32697
165,11,Dist. of Columbia,2013,13.56559,1.91097,8.59573
166,11,Dist. of Columbia,2014,12.83371,1.55779,9.42957
167,11,Dist. of Columbia,2015,12.27226,1.27697,14.52237
168,11,Dist. of Columbia,2016,11.12632,1.14269,29.96812
169,11,Dist. of Columbia,2017,9.66491,0.9556,34.74127
170,11,Dist. of Columbia,2018,8.24821,0.7648,26.72071
171,12,Florida,2000,10.37563,6.49998,3.62783
172,12,Florida,2001,13.60561,7.30513,5.3545
173,12,Florida,2002,14.44077,8.47521,5.93545
174,12,Florida,2003,16.50698,10.60529,6.34513
175,12,Florida,2004,17.3962,12.36539,7.08614
176,12,Florida,2005,18.37075,12.73689,6.32195
177,12,Florida,2006,24.76977,14.32092,6.89652
178,12,Florida,2007,38.41791,14.0869,8.16275
179,12,Florida,2008,45.42102,12.42773,8.1818
180,12,Florida,2009,59.1763,12.69297,8.69357
181,12,Florida,2010,66.39032,10.59978,9.10966
182,12,Florida,2011,48.98059,11.06459,8.44542
183,12,Florida,2012,28.95293,10.06837,6.91364
184,12,Florida,2013,21.40905,10.61765,6.57761
185,12,Florida,2014,20.48162,9.73875,7.19842
186,12,Florida,2015,20.83577,8.66725,9.41815
187,12,Florida,2016,21.72925,8.28925,14.39465
188,12,Florida,2017,21.82778,7.60453,16.31317
189,12,Florida,2018,19.65023,6.39561,15.779
190,13,Georgia,2000,5.58962,6.08747,1.36182
191,13,Georgia,2001,7.14613,6.37701,2.14757
192,13,Georgia,2002,8.17436,8.18108,2.46814
193,13,Georgia,2003,9.18937,9.31122,2.68363
194,13,Georgia,2004,8.57519,9.21232,2.91022
195,13,Georgia,2005,8.06814,9.78398,3.28309
196,13,Georgia,2006,10.31211,11.15684,3.56009
197,13,Georgia,2007,11.96482,16.19689,4.05267
198,13,Georgia,2008,13.57185,13.77298,4.19018
199,13,Georgia,2009,15.75143,14.64524,5.01436
200,13,Georgia,2010,17.27213,13.36849,5.42034
201,13,Georgia,2011,19.55468,14.47615,5.41276
202,13,Georgia,2012,18.2573,14.42284,5.3711
203,13,Georgia,2013,16.73767,14.97973,5.2888
204,13,Georgia,2014,17.10302,13.2256,7.01792
205,13,Georgia,2015,18.35368,11.90841,8.37528
206,13,Georgia,2016,18.93447,11.15858,8.82397
207,13,Georgia,2017,18.40012,10.12748,9.73137
208,13,Georgia,2018,16.30492,8.70011,8.26829
209,15,Hawaii,2000,4.55074,2.6126,2.34788
210,15,Hawaii,2001,7.61492,3.24224,3.03236
211,15,Hawaii,2002,9.25374,3.88576,3.66722
212,15,Hawaii,2003,9.6607,4.53779,3.39924
213,15,Hawaii,2004,10.04217,5.16988,4.38309
214,15,Hawaii,2005,9.75339,5.43445,4.99762
215,15,Hawaii,2006,12.16439,6.35033,3.97132
216,15,Hawaii,2007,12.54348,7.01122,5.682
217,15,Hawaii,2008,14.76026,7.31006,3.85411
218,15,Hawaii,2009,16.97377,7.66476,4.06503
219,15,Hawaii,2010,16.82651,7.06771,5.29172
220,15,Hawaii,2011,18.01048,7.27153,5.35211
221,15,Hawaii,2012,18.31692,7.43309,4.48859
222,15,Hawaii,2013,17.32432,7.28823,4.73665
223,15,Hawaii,2014,15.43053,6.9345,3.91221
224,15,Hawaii,2015,15.16821,6.21934,4.11644
225,15,Hawaii,2016,14.33464,5.71571,5.17069
226,15,Hawaii,2017,12.7308,5.13739,3.35056
227,15,Hawaii,2018,10.87578,4.44102,4.12262
228,16,Idaho,2000,3.30429,6.09628,2.24297
229,16,Idaho,2001,4.78871,6.79519,4.07955
230,16,Idaho,2002,6.02101,8.06404,3.52748
231,16,Idaho,2003,7.00877,9.66837,4.15263
232,16,Idaho,2004,7.38104,10.69935,3.54884
233,16,Idaho,2005,7.07825,11.72467,3.71803
234,16,Idaho,2006,8.88878,13.48321,5.00874
235,16,Idaho,2007,11.10652,14.03556,4.26205
236,16,Idaho,2008,11.84263,15.07843,4.80286
237,16,Idaho,2009,13.09853,16.07444,4.19589
238,16,Idaho,2010,11.94152,15.55365,5.25164
239,16,Idaho,2011,13.39364,17.26952,5.13975
240,16,Idaho,2012,15.02476,17.75262,3.90014
241,16,Idaho,2013,15.66332,17.85395,4.77079
242,16,Idaho,2014,16.77056,17.46485,4.99925
243,16,Idaho,2015,17.01253,16.48161,5.99449
244,16,Idaho,2016,16.25012,15.62002,7.44855
245,16,Idaho,2017,15.4,14.30257,6.24963
246,16,Idaho,2018,13.58306,12.82645,7.06287
247,17,Illinois,2000,1.61091,3.63494,4.48308
248,17,Illinois,2001,2.35323,4.04057,4.19452
249,17,Illinois,2002,2.71889,4.69324,4.55612
250,17,Illinois,2003,3.18625,5.60515,3.68356
251,17,Illinois,2004,3.52168,6.30406,4.24443
252,17,Illinois,2005,3.43538,6.97914,4.65762
253,17,Illinois,2006,3.94553,8.98041,6.88295
254,17,Illinois,2007,3.9522,9.847,5.46319
255,17,Illinois,2008,4.16004,10.64659,6.65242
256,17,Illinois,2009,4.42869,9.14134,6.94852
257,17,Illinois,2010,4.6563,10.14869,6.78951
258,17,Illinois,2011,5.01467,11.94546,7.05841
259,17,Illinois,2012,4.94275,11.79408,8.94148
260,17,Illinois,2013,4.84133,12.06531,8.28018
261,17,Illinois,2014,5.07855,11.78423,9.36706
262,17,Illinois,2015,5.4205,11.10835,10.73676
263,17,Illinois,2016,5.40145,10.59021,15.31194
264,17,Illinois,2017,4.93041,9.58134,17.242
265,17,Illinois,2018,4.20091,8.02819,17.04916
266,18,Indiana,2000,4.96848,6.94136,0.69706
267,18,Indiana,2001,6.60196,7.27316,1.08841
268,18,Indiana,2002,6.68308,9.04118,1.04217
269,18,Indiana,2003,7.64406,10.42788,2.05499
270,18,Indiana,2004,8.4152,10.61872,2.23615
271,18,Indiana,2005,8.4371,11.89353,2.5515
272,18,Indiana,2006,9.91816,13.19288,2.83216
273,18,Indiana,2007,12.16413,16.09261,3.86401
274,18,Indiana,2008,12.90737,17.77394,4.9911
275,18,Indiana,2009,14.38083,19.32318,4.96193
276,18,Indiana,2010,15.22895,19.13795,4.52062
277,18,Indiana,2011,16.07516,21.48696,5.60721
278,18,Indiana,2012,18.25772,21.76473,5.94368
279,18,Indiana,2013,17.79726,21.25282,5.71374
280,18,Indiana,2014,16.82455,17.95664,7.30233
281,18,Indiana,2015,16.78305,16.7106,8.45179
282,18,Indiana,2016,16.08108,15.56763,12.5924
283,18,Indiana,2017,14.25556,13.93541,18.77541
284,18,Indiana,2018,12.2871,12.08428,17.47547
286,19,Iowa,2001,3.74662,3.31199,0.92506
287,19,Iowa,2002,4.69592,4.10175,1.27667
288,19,Iowa,2003,5.81044,4.92214,1.37892
289,19,Iowa,2004,6.12736,5.46482,2.14628
290,19,Iowa,2005,6.21426,5.95734,2.38662
291,19,Iowa,2006,6.97857,6.63646,3.26962
292,19,Iowa,2007,7.48559,7.53961,3.62932
293,19,Iowa,2008,7.93265,8.79642,4.4165
294,19,Iowa,2009,7.88334,9.01049,4.93805
295,19,Iowa,2010,8.13875,9.30566,5.1266
296,19,Iowa,2011,9.00386,10.3376,5.89256
297,19,Iowa,2012,9.35126,10.22278,5.87682
298,19,Iowa,2013,8.5374,10.22552,6.09162
299,19,Iowa,2014,8.64562,9.98319,5.29425
300,19,Iowa,2015,8.59927,9.34549,5.78924
301,19,Iowa,2016,7.92372,8.55404,6.23208
302,19,Iowa,2017,7.019,7.50323,6.92006
303,19,Iowa,2018,5.83575,6.27774,4.83589
304,20,Kansas,2000,3.64934,4.27044,0.85911
305,20,Kansas,2001,4.97189,5.35775,1.78745
306,20,Kansas,2002,6.18896,6.88041,3.03504
307,20,Kansas,2003,7.8142,8.54854,2.85785
308,20,Kansas,2004,9.02917,8.80084,4.43965
309,20,Kansas,2005,9.7539,10.85611,4.07246
310,20,Kansas,2006,11.48191,13.72913,4.45402
311,20,Kansas,2007,13.93383,17.31089,4.35444
312,20,Kansas,2008,14.22821,17.70123,3.47647
313,20,Kansas,2009,14.92547,15.1013,5.49045
314,20,Kansas,2010,15.20898,15.14728,3.78562
315,20,Kansas,2011,16.68371,16.5788,4.32807
316,20,Kansas,2012,17.32722,16.87642,6.2592
317,20,Kansas,2013,16.93308,17.03281,5.74893
318,20,Kansas,2014,17.85338,15.16141,6.02059
319,20,Kansas,2015,18.73301,13.45245,5.42181
320,20,Kansas,2016,18.42742,12.43705,5.1044
321,20,Kansas,2017,17.11907,11.3172,5.08441
322,20,Kansas,2018,15.68356,9.75769,5.66208
323,21,Kentucky,2000,8.20952,9.86216,2.25033
324,21,Kentucky,2001,8.68108,11.40932,3.52032
325,21,Kentucky,2002,8.89361,13.80918,4.3611
326,21,Kentucky,2003,10.21118,16.13675,5.71619
327,21,Kentucky,2004,11.03094,16.98912,5.35934
328,21,Kentucky,2005,10.61593,18.00965,6.8462
329,21,Kentucky,2006,13.31496,20.68332,7.96082
330,21,Kentucky,2007,14.97926,25.87739,8.11792
331,21,Kentucky,2008,16.9161,25.28428,8.66992
332,21,Kentucky,2009,19.24787,27.20666,10.19653
333,21,Kentucky,2010,22.13556,26.87997,14.05642
334,21,Kentucky,2011,25.42062,28.98072,15.80766
335,21,Kentucky,2012,24.15694,27.27344,15.52894
336,21,Kentucky,2013,20.16084,26.4703,15.45652
337,21,Kentucky,2014,20.41383,23.42774,16.83068
338,21,Kentucky,2015,20.59893,21.39248,21.00217
339,21,Kentucky,2016,20.10987,20.15693,23.60863
340,21,Kentucky,2017,18.7972,18.27051,27.91809
341,21,Kentucky,2018,17.03472,16.62779,23.36989
342,22,Louisiana,2000,5.21882,8.58994,1.17795
343,22,Louisiana,2001,6.75595,9.6965,1.82346
344,22,Louisiana,2002,7.04207,11.78012,2.13229
345,22,Louisiana,2003,7.97827,14.09952,2.73807
346,22,Louisiana,2004,8.85857,16.02154,3.21749
347,22,Louisiana,2005,10.15587,17.25888,3.78327
348,22,Louisiana,2006,12.22456,17.92322,4.5504
349,22,Louisiana,2007,14.59555,25.26718,4.91742
350,22,Louisiana,2008,15.19331,19.19707,2.93101
351,22,Louisiana,2009,15.82495,18.9847,2.79882
352,22,Louisiana,2010,16.27636,18.54295,2.80012
353,22,Louisiana,2011,17.27368,20.54717,2.52219
354,22,Louisiana,2012,17.33099,21.06639,3.67725
355,22,Louisiana,2013,17.17809,23.68584,5.88347
356,22,Louisiana,2014,17.8208,19.36075,5.667
357,22,Louisiana,2015,18.61193,16.99057,6.31528
358,22,Louisiana,2016,18.77734,16.11176,7.68524
359,22,Louisiana,2017,16.99042,14.36117,9.28983
360,22,Louisiana,2018,14.48602,12.32748,9.97062
361,23,Maine,2000,10.18961,3.35225,3.2399
362,23,Maine,2001,11.33361,3.73095,4.26637
363,23,Maine,2002,13.57268,4.82451,7.29477
364,23,Maine,2003,15.251,5.63251,6.69877
365,23,Maine,2004,16.77124,6.62891,7.73695
366,23,Maine,2005,17.35201,7.12982,9.02741
367,23,Maine,2006,20.81237,8.20852,7.27199
368,23,Maine,2007,24.29651,8.93464,8.1366
369,23,Maine,2008,26.21091,9.32483,8.19837
370,23,Maine,2009,27.71003,9.62859,8.65459
371,23,Maine,2010,29.04993,9.57005,7.11561
372,23,Maine,2011,29.85078,10.20295,6.74924
373,23,Maine,2012,28.94358,9.73116,7.85742
374,23,Maine,2013,26.57016,9.07658,9.86298
375,23,Maine,2014,26.15007,8.49348,13.6586
376,23,Maine,2015,24.74937,7.57208,19.25031
377,23,Maine,2016,21.1871,6.28093,25.24822
378,23,Maine,2017,15.38043,5.1536,29.87234
379,23,Maine,2018,13.57525,4.54584,23.41295
380,24,Maryland,2000,8.93629,2.56627,8.67286
381,24,Maryland,2001,11.10799,2.25885,8.75917
382,24,Maryland,2002,12.38455,3.13088,9.66705
383,24,Maryland,2003,15.45309,3.55276,9.87365
384,24,Maryland,2004,15.14727,3.40018,8.53496
385,24,Maryland,2005,16.34616,4.36267,8.62507
386,24,Maryland,2006,17.46701,4.59792,9.73044
387,24,Maryland,2007,20.69179,4.25763,10.34818
388,24,Maryland,2008,22.57473,4.57025,8.74068
389,24,Maryland,2009,27.0251,4.67251,9.88514
390,24,Maryland,2010,28.94552,4.21499,8.65069
391,24,Maryland,2011,29.88534,4.43207,9.11672
392,24,Maryland,2012,27.84462,4.13507,10.86235
393,24,Maryland,2013,25.87927,3.99258,12.27119
394,24,Maryland,2014,25.82391,3.61392,15.01383
395,24,Maryland,2015,25.63868,3.07563,17.72095
396,24,Maryland,2016,24.98251,2.78362,29.67752
397,24,Maryland,2017,22.42073,2.39106,32.20193
398,24,Maryland,2018,18.90278,1.97162,33.66715
399,25,Massachusetts,2000,9.06408,2.36889,4.81944
400,25,Massachusetts,2001,10.99394,2.23698,7.63538
401,25,Massachusetts,2002,12.80147,2.76736,7.38792
402,25,Massachusetts,2003,14.2072,3.09321,9.03021
403,25,Massachusetts,2004,15.8824,2.90151,7.07216
404,25,Massachusetts,2005,15.66092,3.41921,8.58369
405,25,Massachusetts,2006,16.79426,3.28476,10.07447
406,25,Massachusetts,2007,19.07283,3.89059,9.92889
407,25,Massachusetts,2008,19.04295,4.04891,9.10081
408,25,Massachusetts,2009,20.47686,4.24996,9.39558
409,25,Massachusetts,2010,20.85514,3.94668,8.30671
410,25,Massachusetts,2011,21.87323,4.22939,9.87525
411,25,Massachusetts,2012,22.40021,3.86966,10.39157
412,25,Massachusetts,2013,22.12583,3.67242,13.34108
413,25,Massachusetts,2014,20.93388,3.29021,17.04463
414,25,Massachusetts,2015,19.80057,2.6305,23.27443
415,25,Massachusetts,2016,17.11869,2.14886,29.7282
416,25,Massachusetts,2017,14.65161,1.84296,28.20489
417,25,Massachusetts,2018,12.59453,1.55529,29.30456
418,26,Michigan,2000,4.44692,5.47137,1.79502
419,26,Michigan,2001,5.61806,6.19496,1.90337
420,26,Michigan,2002,5.73382,7.84013,2.26018
421,26,Michigan,2003,6.6753,9.11951,2.49616
422,26,Michigan,2004,7.25748,9.65162,3.49869
423,26,Michigan,2005,7.09697,10.11047,4.81725
424,26,Michigan,2006,8.63694,11.81165,5.95347
425,26,Michigan,2007,10.11156,14.19197,5.0691
426,26,Michigan,2008,11.85291,15.35059,6.46397
427,26,Michigan,2009,12.78044,16.91103,7.51648
428,26,Michigan,2010,13.75006,18.66694,7.04166
429,26,Michigan,2011,12.62261,20.79718,7.46818
430,26,Michigan,2012,13.92862,21.20735,7.06614
431,26,Michigan,2013,13.74408,20.81288,9.38539
432,26,Michigan,2014,14.0856,20.84969,10.90091
433,26,Michigan,2015,14.49915,19.22389,13.6162
434,26,Michigan,2016,13.65178,18.01098,18.53389
435,26,Michigan,2017,12.02877,15.96582,21.21137
436,26,Michigan,2018,9.56461,12.39274,20.84671
437,27,Minnesota,2000,3.5853,1.71423,1.13908
438,27,Minnesota,2001,4.77149,2.07171,1.88962
439,27,Minnesota,2002,5.45725,2.49301,1.87519
440,27,Minnesota,2003,6.80068,3.04271,2.06947
441,27,Minnesota,2004,7.43234,3.3201,2.61514
442,27,Minnesota,2005,7.97365,3.71501,2.8115
443,27,Minnesota,2006,8.76522,4.15685,3.01992
444,27,Minnesota,2007,9.46092,4.77729,3.41903
445,27,Minnesota,2008,10.57159,6.37034,4.2902
446,27,Minnesota,2009,11.62378,5.35599,5.19161
447,27,Minnesota,2010,11.78862,5.21405,4.36787
448,27,Minnesota,2011,12.5112,5.6622,5.29832
449,27,Minnesota,2012,12.97073,5.49708,5.32188
450,27,Minnesota,2013,12.69953,5.33026,5.62046
451,27,Minnesota,2014,13.26882,5.05304,5.97969
452,27,Minnesota,2015,13.15417,4.58704,6.18602
453,27,Minnesota,2016,12.25218,4.00458,7.43069
454,27,Minnesota,2017,10.75829,3.43544,7.77595
455,27,Minnesota,2018,9.07872,2.81338,6.27446
457,28,Mississippi,2001,6.18503,6.93553,0.92088
458,28,Mississippi,2002,6.08878,8.46064,0.94611
459,28,Mississippi,2003,6.35963,10.06023,1.14627
460,28,Mississippi,2004,6.2865,11.15202,0.97732
461,28,Mississippi,2005,6.47783,12.4596,1.40046
462,28,Mississippi,2006,7.22178,14.74666,2.31736
463,28,Mississippi,2007,9.19854,21.02749,3.27578
464,28,Mississippi,2008,8.46521,18.53444,3.70097
465,28,Mississippi,2009,9.4632,20.1942,3.36641
466,28,Mississippi,2010,10.18157,21.0519,3.29515
467,28,Mississippi,2011,11.44799,23.22588,2.89283
468,28,Mississippi,2012,12.82407,23.90421,3.92784
469,28,Mississippi,2013,13.0107,27.15842,3.43867
470,28,Mississippi,2014,13.99021,21.04225,3.89258
471,28,Mississippi,2015,14.95558,19.14791,5.27076
472,28,Mississippi,2016,14.99596,18.0364,6.16077
473,28,Mississippi,2017,14.12917,15.66781,6.43994
474,28,Mississippi,2018,12.07075,12.26911,6.07063
475,29,Missouri,2000,8.79525,4.36272,2.36502
476,29,Missouri,2001,14.05803,5.04053,2.36023
477,29,Missouri,2002,16.51436,6.10561,3.39956
478,29,Missouri,2003,18.59739,7.40444,4.80624
479,29,Missouri,2004,21.38755,8.15205,4.93086
480,29,Missouri,2005,22.33051,9.32341,5.30296
481,29,Missouri,2006,17.51701,10.19744,7.0673
482,29,Missouri,2007,18.10075,11.35104,6.68327
483,29,Missouri,2008,20.15855,12.21223,8.20278
484,29,Missouri,2009,21.08175,13.12389,8.95631
485,29,Missouri,2010,23.43477,13.3119,10.31688
486,29,Missouri,2011,24.34245,16.23908,10.21909
487,29,Missouri,2012,24.94995,16.1747,9.29156
488,29,Missouri,2013,23.7122,16.56782,10.71262
489,29,Missouri,2014,23.26121,16.29927,11.95031
490,29,Missouri,2015,22.80034,14.16408,11.67275
491,29,Missouri,2016,22.16243,13.1041,15.87055
492,29,Missouri,2017,19.78099,11.71103,16.50153
493,29,Missouri,2018,15.94454,9.80865,19.58264
495,30,Montana,2001,7.81704,4.98404,2.30316
496,30,Montana,2002,9.31386,6.39594,2.21116
497,30,Montana,2003,11.3695,7.56439,4.65642
498,30,Montana,2004,12.80305,8.3826,4.9569
499,30,Montana,2005,13.41738,9.02525,4.68709
500,30,Montana,2006,15.89467,10.59421,5.20571
501,30,Montana,2007,17.94229,10.30886,6.34092
502,30,Montana,2008,19.93361,11.29736,7.61022
503,30,Montana,2009,20.23816,11.98923,9.35412
504,30,Montana,2010,19.12758,12.63116,6.09668
505,30,Montana,2011,19.41807,13.86291,6.82802
506,30,Montana,2012,20.55394,14.04362,5.28928
507,30,Montana,2013,20.38456,13.75688,7.15157
508,30,Montana,2014,20.46034,12.97773,5.44451
509,30,Montana,2015,20.38339,12.32678,5.026
510,30,Montana,2016,18.49613,11.58823,4.16203
511,30,Montana,2017,15.39811,10.39784,3.64188
512,30,Montana,2018,12.61904,9.13637,6.21538
514,31,Nebraska,2001,4.61269,3.98319,1.90875
515,31,Nebraska,2002,5.44522,4.7329,1.52158
517,31,Nebraska,2004,7.35267,5.79538,1.56789
518,31,Nebraska,2005,7.80776,6.16837,2.54344
519,31,Nebraska,2006,8.55075,6.91352,1.93686
520,31,Nebraska,2007,8.42415,7.27077,2.35619
521,31,Nebraska,2008,8.8907,7.64161,1.66516
522,31,Nebraska,2009,8.99881,8.13997,3.71599
523,31,Nebraska,2010,8.68656,8.08296,3.41052
524,31,Nebraska,2011,8.7423,8.89286,2.81224
525,31,Nebraska,2012,9.07589,9.14761,3.02094
526,31,Nebraska,2013,8.94386,9.14323,2.19967
527,31,Nebraska,2014,9.29268,9.08785,3.19909
528,31,Nebraska,2015,9.66823,8.53837,3.09116
529,31,Nebraska,2016,9.75749,8.01162,2.36495
530,31,Nebraska,2017,9.10042,7.08278,3.09868
531,31,Nebraska,2018,7.86605,5.95598,3.33411
532,32,Nevada,2000,7.86407,10.17085,8.8064
533,32,Nevada,2001,12.62009,13.06541,8.51545
534,32,Nevada,2002,16.71972,20.36578,9.96904
535,32,Nevada,2003,21.48985,23.12512,10.83395
536,32,Nevada,2004,21.69533,26.85712,11.6329
537,32,Nevada,2005,22.61217,24.40587,13.10949
538,32,Nevada,2006,25.74962,30.25442,13.3919
539,32,Nevada,2007,35.655,33.36885,14.21389
540,32,Nevada,2008,35.53311,35.17356,14.69553
541,32,Nevada,2009,38.29678,38.16582,15.90431
542,32,Nevada,2010,33.78669,31.08591,15.79215
543,32,Nevada,2011,37.34041,32.38386,16.45062
544,32,Nevada,2012,38.35799,29.60328,15.57056
545,32,Nevada,2013,31.08538,25.86593,13.68752
546,32,Nevada,2014,28.95706,21.11606,12.65668
547,32,Nevada,2015,29.5921,16.77744,13.82208
548,32,Nevada,2016,28.89757,15.54939,13.30951
549,32,Nevada,2017,26.56091,13.96115,13.26737
550,32,Nevada,2018,22.03047,11.14821,11.47196
551,33,New Hampshire,2000,10.08951,2.44783,2.19286
552,33,New Hampshire,2001,11.57769,2.52227,4.07538
553,33,New Hampshire,2002,12.1054,3.0292,6.25683
554,33,New Hampshire,2003,12.90113,3.42354,6.97588
555,33,New Hampshire,2004,14.51692,3.54324,6.94846
556,33,New Hampshire,2005,15.52598,3.96027,8.22744
557,33,New Hampshire,2006,17.60931,4.13797,7.88214
558,33,New Hampshire,2007,21.38195,4.74616,10.85629
559,33,New Hampshire,2008,24.25437,4.95995,6.97972
560,33,New Hampshire,2009,27.28637,5.14365,9.5479
561,33,New Hampshire,2010,26.97151,4.78034,8.87421
562,33,New Hampshire,2011,27.08641,5.01269,11.52558
563,33,New Hampshire,2012,27.77162,4.69658,10.52934
564,33,New Hampshire,2013,27.11791,4.53422,11.84706
565,33,New Hampshire,2014,27.92464,4.2199,23.43406
566,33,New Hampshire,2015,25.99308,3.72215,31.25541
567,33,New Hampshire,2016,22.13126,3.14256,35.80178
568,33,New Hampshire,2017,18.94315,2.74511,34.02751
569,33,New Hampshire,2018,15.7021,2.36513,33.10102
570,34,New Jersey,2000,6.57288,2.51184,4.10099
571,34,New Jersey,2001,8.1134,2.56983,4.59169
572,34,New Jersey,2002,9.53476,2.84152,5.56847
573,34,New Jersey,2003,13.14345,3.27078,5.13678
574,34,New Jersey,2004,14.36085,3.31028,3.59385
575,34,New Jersey,2005,15.42023,3.41213,5.01876
576,34,New Jersey,2006,18.44766,3.34461,4.25177
577,34,New Jersey,2007,20.62096,4.20134,3.9204
578,34,New Jersey,2008,23.43258,4.57514,3.77398
579,34,New Jersey,2009,27.06923,3.70194,0.65003
580,34,New Jersey,2010,29.17594,3.36689,4.23304
581,34,New Jersey,2011,31.80289,3.54532,5.13516
582,34,New Jersey,2012,30.15045,3.20018,6.84662
583,34,New Jersey,2013,28.9951,3.02488,7.62329
584,34,New Jersey,2014,28.93259,2.66293,8.1686
585,34,New Jersey,2015,28.66021,2.16577,9.75129
586,34,New Jersey,2016,26.79698,1.89477,15.97958
587,34,New Jersey,2017,22.64941,1.56508,22.02816
588,34,New Jersey,2018,18.46969,1.29422,29.68814
589,35,New Mexico,2000,4.92623,3.8748,10.01358
590,35,New Mexico,2001,6.68,4.56472,8.41099
591,35,New Mexico,2002,7.59846,5.36825,11.05242
592,35,New Mexico,2003,9.16653,6.18287,11.97906
593,35,New Mexico,2004,10.62394,6.65716,10.02083
594,35,New Mexico,2005,11.08151,6.99815,11.36342
595,35,New Mexico,2006,14.50089,8.0536,12.5383
596,35,New Mexico,2007,16.90777,9.09232,13.5104
597,35,New Mexico,2008,19.51837,10.26703,16.55045
598,35,New Mexico,2009,22.736,11.23975,10.20195
599,35,New Mexico,2010,23.67067,10.60337,9.51253
600,35,New Mexico,2011,25.59121,11.35672,11.91919
601,35,New Mexico,2012,25.16018,10.69054,16.11315
602,35,New Mexico,2013,21.72735,10.00441,15.99527
603,35,New Mexico,2014,22.78827,9.28725,20.23963
604,35,New Mexico,2015,22.98405,8.66359,17.87129
605,35,New Mexico,2016,21.52318,7.86354,17.47882
606,35,New Mexico,2017,17.55014,6.67679,16.72915
607,35,New Mexico,2018,15.10908,5.91495,16.7204
608,36,New York,2000,2.94213,3.21508,2.56879
609,36,New York,2001,3.52882,3.55381,3.15929
610,36,New York,2002,4.62376,4.52922,2.87591
611,36,New York,2003,6.02721,5.47794,2.9671
612,36,New York,2004,6.88452,5.80114,2.44685
613,36,New York,2005,7.58965,6.25605,2.86114
614,36,New York,2006,8.89638,6.3263,5.19758
615,36,New York,2007,10.87585,7.49899,5.24602
616,36,New York,2008,12.75963,7.19087,5.6455
617,36,New York,2009,15.2839,7.27142,5.35172
618,36,New York,2010,17.5284,6.94807,5.40082
619,36,New York,2011,19.01093,7.07401,6.80516
620,36,New York,2012,19.11731,6.24342,7.61282
621,36,New York,2013,18.08577,5.65478,8.29439
622,36,New York,2014,18.13539,4.76908,8.62308
623,36,New York,2015,18.98567,4.60069,10.78646
624,36,New York,2016,17.7834,4.0928,15.06967
625,36,New York,2017,15.23216,3.50878,16.11235
626,36,New York,2018,12.77225,2.98709,15.11684
627,37,North Carolina,2000,7.07641,5.57449,3.50644
628,37,North Carolina,2001,8.90888,5.73628,4.06627
629,37,North Carolina,2002,8.06632,6.24212,4.88365
630,37,North Carolina,2003,9.48263,7.62879,5.84423
631,37,North Carolina,2004,12.44565,8.41691,6.55005
632,37,North Carolina,2005,13.24617,9.56414,7.47649
633,37,North Carolina,2006,15.9769,10.41904,7.7778
634,37,North Carolina,2007,19.16516,13.9403,8.24237
635,37,North Carolina,2008,19.90236,12.12936,9.085
636,37,North Carolina,2009,23.0724,12.79903,9.12544
637,37,North Carolina,2010,21.25977,10.57583,8.10069
638,37,North Carolina,2011,22.98757,11.59478,8.56519
639,37,North Carolina,2012,25.13284,11.55983,8.61526
640,37,North Carolina,2013,26.28326,11.50523,8.66283
641,37,North Carolina,2014,26.91513,10.68988,9.97561
642,37,North Carolina,2015,27.77559,9.98592,11.93465
643,37,North Carolina,2016,26.544,9.1538,15.38222
644,37,North Carolina,2017,23.48141,8.0442,19.78507
645,37,North Carolina,2018,20.20341,6.61927,17.92825
654,38,North Dakota,2008,8.67156,14.51613,5.13063
660,38,North Dakota,2014,11.57425,9.2129,4.51916
661,38,North Dakota,2015,11.78698,8.58024,4.75894
662,38,North Dakota,2016,10.31422,7.23458,7.56589
663,38,North Dakota,2017,8.70448,6.12969,4.7997
664,38,North Dakota,2018,7.55762,5.27976,5.22072
665,39,Ohio,2000,7.65669,4.41258,2.21912
666,39,Ohio,2001,9.07298,4.71115,2.96991
667,39,Ohio,2002,10.06275,5.47005,3.73398
668,39,Ohio,2003,12.69543,6.31704,3.20668
669,39,Ohio,2004,15.4087,6.47895,4.50373
670,39,Ohio,2005,16.10372,7.1558,4.9298
671,39,Ohio,2006,19.02111,7.82967,5.62256
672,39,Ohio,2007,20.99056,9.09304,6.17057
673,39,Ohio,2008,22.92672,9.73511,7.20497
674,39,Ohio,2009,25.6004,10.53004,5.90443
675,39,Ohio,2010,26.33378,10.52103,9.97469
676,39,Ohio,2011,25.7412,11.49583,11.23318
677,39,Ohio,2012,24.49532,10.72707,12.25899
678,39,Ohio,2013,22.47807,10.06039,14.60253
679,39,Ohio,2014,21.42931,9.4469,19.06504
680,39,Ohio,2015,20.76688,8.47466,24.6584
681,39,Ohio,2016,19.21598,7.52168,32.94451
682,39,Ohio,2017,16.69945,6.42685,39.22012
683,39,Ohio,2018,13.60476,5.12372,29.61342
684,40,Oklahoma,2000,4.61335,8.59326,3.84503
685,40,Oklahoma,2001,6.76786,9.755,4.63792
686,40,Oklahoma,2002,8.0805,11.15624,4.30286
687,40,Oklahoma,2003,9.62183,13.20749,7.53003
688,40,Oklahoma,2004,10.80334,14.68715,8.94137
689,40,Oklahoma,2005,13.067,15.25596,9.02124
690,40,Oklahoma,2006,14.84747,18.42386,11.06729
691,40,Oklahoma,2007,19.26904,21.33756,13.8965
692,40,Oklahoma,2008,19.42676,23.49261,11.42125
693,40,Oklahoma,2009,20.84287,25.40571,15.5198
694,40,Oklahoma,2010,20.89205,24.77964,13.91042
695,40,Oklahoma,2011,22.2918,27.97649,13.00133
696,40,Oklahoma,2012,23.98113,27.58832,14.16479
697,40,Oklahoma,2013,24.50204,30.42791,13.42565
698,40,Oklahoma,2014,26.38766,25.19458,13.04909
699,40,Oklahoma,2015,26.85235,22.50822,11.17604
700,40,Oklahoma,2016,25.53909,20.84027,11.59387
701,40,Oklahoma,2017,23.90401,19.15768,10.24288
702,40,Oklahoma,2018,19.58198,16.4535,7.81788
703,41,Oregon,2000,6.72284,6.08541,3.09106
704,41,Oregon,2001,10.12328,6.97928,4.21385
705,41,Oregon,2002,10.89814,7.88331,5.42342
706,41,Oregon,2003,11.36228,9.05332,5.73292
707,41,Oregon,2004,12.3256,9.70457,6.18156
708,41,Oregon,2005,13.17902,10.30312,7.22124
709,41,Oregon,2006,18.00866,11.36701,9.57561
710,41,Oregon,2007,24.69869,12.26189,9.41789
711,41,Oregon,2008,25.01123,13.20589,9.00259
712,41,Oregon,2009,27.01096,13.69045,9.51409
713,41,Oregon,2010,25.51758,14.15733,8.48639
714,41,Oregon,2011,25.96617,14.75104,10.09456
715,41,Oregon,2012,25.82912,14.01681,9.23956
716,41,Oregon,2013,24.75307,13.81421,7.50237
717,41,Oregon,2014,24.46766,14.51239,8.29813
718,41,Oregon,2015,23.62319,12.41863,7.94451
719,41,Oregon,2016,21.32608,11.26852,7.58305
720,41,Oregon,2017,18.09769,9.79025,8.09651
721,41,Oregon,2018,15.2902,8.46212,7.98064
722,42,Pennsylvania,2000,9.01652,3.57276,2.65759
723,42,Pennsylvania,2001,10.72336,3.71764,2.0969
724,42,Pennsylvania,2002,11.29741,4.52169,2.86699
725,42,Pennsylvania,2003,13.80629,5.81679,3.91866
726,42,Pennsylvania,2004,14.65436,5.84148,3.94858
727,42,Pennsylvania,2005,15.77423,6.17008,4.18255
728,42,Pennsylvania,2006,18.1816,6.65272,3.48679
729,42,Pennsylvania,2007,20.72922,7.57414,3.99772
730,42,Pennsylvania,2008,23.05119,8.22682,4.93686
731,42,Pennsylvania,2009,25.36882,8.63756,5.20817
732,42,Pennsylvania,2010,26.65923,8.31089,5.11632
733,42,Pennsylvania,2011,28.84726,8.8048,6.15476
734,42,Pennsylvania,2012,30.58448,8.64515,6.78995
735,42,Pennsylvania,2013,29.19201,8.65784,7.83682
736,42,Pennsylvania,2014,29.36153,7.87898,8.96502
737,42,Pennsylvania,2015,29.41568,6.98498,11.18239
738,42,Pennsylvania,2016,27.20811,6.17903,18.53806
739,42,Pennsylvania,2017,23.63343,5.12053,21.21555
740,42,Pennsylvania,2018,19.3181,4.23205,23.76794
741,44,Rhode Island,2000,7.06113,4.92374,5.36298
742,44,Rhode Island,2001,8.61308,4.14088,7.39836
743,44,Rhode Island,2002,10.83748,5.79529,6.81931
744,44,Rhode Island,2003,12.30976,6.34847,9.34817
745,44,Rhode Island,2004,14.27942,5.99344,6.95263
746,44,Rhode Island,2005,14.78782,7.51999,10.33894
747,44,Rhode Island,2006,17.16781,6.88869,12.21993
748,44,Rhode Island,2007,19.26524,10.32279,8.03634
749,44,Rhode Island,2008,19.96225,8.69522,12.53554
750,44,Rhode Island,2009,20.70351,8.89152,10.597
751,44,Rhode Island,2010,21.75285,8.47979,10.45558
752,44,Rhode Island,2011,23.35215,9.19026,13.276
753,44,Rhode Island,2012,24.77642,8.21953,13.17778
754,44,Rhode Island,2013,22.55339,7.23306,18.0999
755,44,Rhode Island,2014,20.57351,6.26556,19.75564
756,44,Rhode Island,2015,19.93397,5.41541,23.50992
757,44,Rhode Island,2016,18.63436,4.7771,26.67145
758,44,Rhode Island,2017,15.44055,3.94004,26.92642
759,44,Rhode Island,2018,12.72336,3.26339,25.89769
760,45,South Carolina,2000,7.7128,6.40119,2.16131
761,45,South Carolina,2001,9.1223,6.26438,2.02323
762,45,South Carolina,2002,9.86458,9.0924,2.01408
763,45,South Carolina,2003,11.20027,11.20031,2.24591
764,45,South Carolina,2004,11.80135,11.92901,3.1094
765,45,South Carolina,2005,11.1945,12.44501,3.49558
766,45,South Carolina,2006,13.06364,14.84452,4.91674
767,45,South Carolina,2007,14.38994,27.68655,4.45472
768,45,South Carolina,2008,15.60087,19.88219,4.78913
769,45,South Carolina,2009,17.98301,27.34218,5.18737
770,45,South Carolina,2010,18.02771,25.25924,5.87886
771,45,South Carolina,2011,19.30945,27.33524,5.34502
772,45,South Carolina,2012,20.99493,29.34026,5.10555
773,45,South Carolina,2013,20.27079,30.36411,5.3501
774,45,South Carolina,2014,21.47402,23.55266,10.69593
775,45,South Carolina,2015,22.68872,14.54103,11.39349
776,45,South Carolina,2016,22.29564,13.35433,13.11619
777,45,South Carolina,2017,20.21111,11.82089,15.5133
778,45,South Carolina,2018,16.74061,9.86662,17.10459
783,46,South Dakota,2004,7.28467,4.53224,2.7228
784,46,South Dakota,2005,7.82744,5.109,3.08079
785,46,South Dakota,2006,9.53847,6.36806,3.27817
786,46,South Dakota,2007,10.7997,6.66556,2.52889
787,46,South Dakota,2008,10.8723,8.36261,4.17901
788,46,South Dakota,2009,11.59902,9.13046,4.55834
789,46,South Dakota,2010,10.73588,8.91543,4.47261
790,46,South Dakota,2011,10.99204,10.10832,4.47706
791,46,South Dakota,2012,10.48712,9.72385,3.12942
792,46,South Dakota,2013,10.33204,10.14575,4.43831
793,46,South Dakota,2014,12.78654,10.20633,4.10121
794,46,South Dakota,2015,13.17357,9.75071,3.48063
795,46,South Dakota,2016,10.4229,8.56133,5.02705
796,46,South Dakota,2017,8.4673,7.25861,3.9901
797,46,South Dakota,2018,6.95688,5.87486,3.47749
798,47,Tennessee,2000,5.49128,8.31716,1.75511
799,47,Tennessee,2001,8.83769,9.20507,2.36136
800,47,Tennessee,2002,11.11225,12.00472,2.88903
801,47,Tennessee,2003,14.44592,15.22501,5.04353
802,47,Tennessee,2004,17.3049,17.65478,6.39222
803,47,Tennessee,2005,18.3126,20.3383,7.48082
804,47,Tennessee,2006,22.22696,25.87243,7.66668
805,47,Tennessee,2007,25.31596,34.46798,7.76144
806,47,Tennessee,2008,27.49269,33.18016,7.70489
807,47,Tennessee,2009,31.61004,42.27622,8.52355
808,47,Tennessee,2010,33.60163,35.47165,9.98463
809,47,Tennessee,2011,37.24084,32.94752,10.05445
810,47,Tennessee,2012,39.5959,38.0767,11.43046
811,47,Tennessee,2013,36.49856,38.85443,11.87802
812,47,Tennessee,2014,35.66464,28.66317,13.44431
813,47,Tennessee,2015,34.53415,18.80375,15.99423
814,47,Tennessee,2016,32.35818,17.28306,18.09886
815,47,Tennessee,2017,29.16946,15.13481,19.2856
816,47,Tennessee,2018,25.19459,13.02124,19.90228
817,48,Texas,2000,2.49553,7.18751,1.83222
818,48,Texas,2001,3.53445,8.33246,2.64296
819,48,Texas,2002,3.90503,9.63631,3.44162
820,48,Texas,2003,4.33016,10.93883,3.62089
821,48,Texas,2004,4.29917,11.87407,3.65968
822,48,Texas,2005,4.05421,12.86119,3.87044
823,48,Texas,2006,4.42268,14.69437,4.58906
824,48,Texas,2007,5.53613,17.69962,4.27396
825,48,Texas,2008,4.93557,17.86101,3.89467
826,48,Texas,2009,5.10751,19.29039,4.63583
827,48,Texas,2010,4.46402,16.88776,4.43722
828,48,Texas,2011,4.66946,18.69558,4.56856
829,48,Texas,2012,4.75137,17.89868,4.35318
830,48,Texas,2013,4.63844,18.13728,3.98341
831,48,Texas,2014,4.75988,16.06108,4.25372
832,48,Texas,2015,5.17627,12.13974,4.66076
833,48,Texas,2016,5.32925,11.47189,4.92218
834,48,Texas,2017,5.2665,10.427,5.11329
835,48,Texas,2018,4.73784,9.2714,4.84787
836,49,Utah,2000,4.93778,5.75694,7.60083
837,49,Utah,2001,7.50745,6.43133,7.8067
838,49,Utah,2002,9.8043,8.12246,9.73293
839,49,Utah,2003,12.11612,9.76671,11.79318
840,49,Utah,2004,14.61436,10.77179,11.84584
841,49,Utah,2005,16.9516,11.68626,14.2498
842,49,Utah,2006,21.33362,12.30714,13.91752
843,49,Utah,2007,25.13781,12.37553,14.67222
844,49,Utah,2008,25.99313,12.68226,13.96125
845,49,Utah,2009,27.27,13.30665,14.74953
846,49,Utah,2010,22.99598,11.62751,12.82772
847,49,Utah,2011,23.38377,12.21804,14.57733
848,49,Utah,2012,25.2469,11.70387,16.13096
849,49,Utah,2013,25.76604,11.68054,15.93184
850,49,Utah,2014,26.70849,11.05294,16.80141
851,49,Utah,2015,27.54118,10.28197,15.94816
852,49,Utah,2016,27.08409,9.44407,16.42824
853,49,Utah,2017,24.27696,8.44205,15.53102
854,49,Utah,2018,21.22754,7.33565,14.79858
855,50,Vermont,2000,7.38345,2.11723,3.55064
856,50,Vermont,2001,7.46696,2.04612,5.02453
857,50,Vermont,2002,9.02062,2.97316,5.79163
858,50,Vermont,2003,10.79437,3.552,7.22186
859,50,Vermont,2004,12.03303,3.85175,6.08417
860,50,Vermont,2005,12.80985,4.31521,6.11665
861,50,Vermont,2006,14.38049,4.67891,9.38295
862,50,Vermont,2007,16.44744,5.18375,8.75785
863,50,Vermont,2008,17.7602,5.19561,8.585
864,50,Vermont,2009,19.29642,6.94435,6.04248
865,50,Vermont,2010,19.85312,5.314,6.83377
866,50,Vermont,2011,19.42688,5.50415,9.06641
867,50,Vermont,2012,19.02846,5.29929,8.64632
868,50,Vermont,2013,18.81361,5.19842,11.58693
869,50,Vermont,2014,18.76377,4.69465,10.97123
870,50,Vermont,2015,17.70536,4.22524,13.40243
871,50,Vermont,2016,16.60781,3.72982,18.42481
872,50,Vermont,2017,14.50186,3.05917,19.99713
873,50,Vermont,2018,12.62795,2.62306,22.77391
874,51,Virginia,2000,6.64995,4.02541,3.39292
875,51,Virginia,2001,7.9776,4.09167,4.18373
876,51,Virginia,2002,8.34498,5.13211,4.66657
877,51,Virginia,2003,9.48731,6.06702,4.81145
878,51,Virginia,2004,9.89397,6.12787,5.10843
879,51,Virginia,2005,9.80799,6.76453,4.70062
880,51,Virginia,2006,11.03927,7.47512,5.26123
881,51,Virginia,2007,12.58124,9.90265,6.42276
882,51,Virginia,2008,13.3972,8.69608,6.19715
883,51,Virginia,2009,15.84477,9.12985,5.9355
884,51,Virginia,2010,15.78273,8.28815,4.80169
885,51,Virginia,2011,17.47331,9.16524,7.05636
886,51,Virginia,2012,18.51523,8.84158,6.5123
887,51,Virginia,2013,18.21569,8.79368,7.64993
888,51,Virginia,2014,18.58697,7.87843,9.10784
889,51,Virginia,2015,18.42387,6.96078,9.87637
890,51,Virginia,2016,17.42777,6.27811,13.54417
891,51,Virginia,2017,14.82412,5.19964,14.81202
892,51,Virginia,2018,12.5633,4.25616,14.25817
893,53,Washington,2000,7.29912,4.76761,5.82321
894,53,Washington,2001,10.39595,5.39125,5.26371
895,53,Washington,2002,11.78209,6.19488,7.35734
896,53,Washington,2003,14.1244,7.23187,7.48547
897,53,Washington,2004,14.4849,7.79472,9.03934
898,53,Washington,2005,15.01866,8.2196,9.23524
899,53,Washington,2006,18.54382,9.16881,10.00991
900,53,Washington,2007,21.12677,9.99272,9.72569
901,53,Washington,2008,23.71164,10.47216,10.08296
902,53,Washington,2009,23.47411,10.9203,10.21506
903,53,Washington,2010,20.81899,10.1479,8.94432
904,53,Washington,2011,20.44114,10.73916,9.88423
905,53,Washington,2012,19.92204,10.22496,9.68501
906,53,Washington,2013,19.58992,10.08523,8.89748
907,53,Washington,2014,19.93835,9.94261,9.21636
908,53,Washington,2015,20.33687,9.47091,9.28703
909,53,Washington,2016,19.45923,8.77179,9.35345
910,53,Washington,2017,17.28316,7.76639,9.64045
911,53,Washington,2018,14.71837,6.67656,9.42774
912,54,West Virginia,2000,10.73888,8.31296,2.81527
913,54,West Virginia,2001,10.79037,8.87277,7.86514
914,54,West Virginia,2002,11.61115,12.29259,10.07068
915,54,West Virginia,2003,12.62792,14.62298,11.238
916,54,West Virginia,2004,13.59147,15.96806,14.23911
917,54,West Virginia,2005,14.63321,18.19974,8.18237
918,54,West Virginia,2006,17.64062,20.69026,16.14658
919,54,West Virginia,2007,19.93549,25.0241,18.97951
920,54,West Virginia,2008,23.62964,26.55607,21.04211
921,54,West Virginia,2009,26.7125,27.0909,10.28868
922,54,West Virginia,2010,27.74757,24.66332,25.64464
923,54,West Virginia,2011,29.251,25.30714,31.5044
924,54,West Virginia,2012,32.59223,24.19384,27.08821
925,54,West Virginia,2013,32.94355,23.24707,27.93704
926,54,West Virginia,2014,33.42824,21.14334,31.6091
927,54,West Virginia,2015,29.43845,18.2945,36.02344
928,54,West Virginia,2016,23.1003,15.40027,43.41488
929,54,West Virginia,2017,17.96597,12.68819,49.60242
930,54,West Virginia,2018,14.26526,9.99138,42.36856
931,55,Wisconsin,2000,5.29916,2.99977,2.0868
932,55,Wisconsin,2001,6.95194,3.53959,2.56563
933,55,Wisconsin,2002,7.9539,4.09844,3.16579
934,55,Wisconsin,2003,10.13629,4.91281,3.69909
935,55,Wisconsin,2004,11.53722,5.2695,3.98852
936,55,Wisconsin,2005,11.32187,5.61023,4.92887
937,55,Wisconsin,2006,14.05383,6.31535,6.0365
938,55,Wisconsin,2007,15.54681,6.97571,6.70593
939,55,Wisconsin,2008,16.95811,7.6791,6.56298
940,55,Wisconsin,2009,18.17885,7.94966,6.90218
941,55,Wisconsin,2010,19.24105,7.84904,7.299
942,55,Wisconsin,2011,20.66503,8.59386,8.33418
943,55,Wisconsin,2012,21.60251,8.33748,8.56312
944,55,Wisconsin,2013,20.27411,8.22054,10.62194
945,55,Wisconsin,2014,20.44673,7.87511,11.12215
946,55,Wisconsin,2015,20.5476,7.21597,11.15311
947,55,Wisconsin,2016,18.762,6.38956,15.78427
948,55,Wisconsin,2017,15.08132,5.47044,16.87178
949,55,Wisconsin,2018,11.5828,4.73376,15.29473
957,56,Wyoming,2007,13.75062,9.85866,4.64978
958,56,Wyoming,2008,14.84612,10.42294,7.63486
959,56,Wyoming,2009,15.48747,10.80241,5.74873
960,56,Wyoming,2010,14.57156,10.32778,8.51929
961,56,Wyoming,2011,15.47061,10.80106,7.47248
962,56,Wyoming,2012,18.56577,11.07858,7.74237
963,56,Wyoming,2013,19.43565,11.0054,8.64886
964,56,Wyoming,2014,20.63788,10.85109,9.29636
965,56,Wyoming,2015,21.83413,10.50396,7.89044
966,56,Wyoming,2016,20.73213,9.55385,8.74569
967,56,Wyoming,2017,18.12706,8.07278,8.73564
968,56,Wyoming,2018,16.12868,6.89577,6.80881
